pep_ID,EC50_T1,EC50_LOG_T1,EC50_T2,EC50_LOG_T2,Aligned_Sequence
seq_pep1,3.75,-11.43,563.0,-9.25,HSQGTFTSDYSKYLDSRRAQDFVQWLEEGE
seq_pep2,18.5,-10.73,552.0,-9.26,HSQGTFTSDYSKYLDSRRAEDFVQWLENGE
seq_pep3,3.51,-11.45,252.0,-9.6,HSQGTFTSDYSKYLDSRRAEDFVQWLENT-
seq_pep4,50.5,-10.3,6.03,-11.22,HSQGTFTSDYSKYLDSRRAEDFVQWLVAGG
seq_pep5,2.87,-11.54,238.0,-9.62,HSQGTFTSDYSKYLDSRRAQDFVQWLEAEG
seq_pep6,8.25,-11.08,1610.0,-8.79,HSQGTFTSDYSKYLDSRRAQDFVQWLEAEE
seq_pep7,10.1,-11.0,1.06,-11.97,YSQGTFTSDYSKYLEEEAVRLFIEWLLAG-
seq_pep8,29000.0,-7.54,58.2,-10.24,YAEGTFTSDYSIALEGQAAKEFIAWLVKGR
seq_pep9,2370.0,-8.63,11.3,-10.95,YSEGTFTSDYSKLLEEEAVRLFIEWLVKGP
seq_pep10,6.59,-11.18,2.33,-11.63,HSQGTFTSDYSKYLDSRAAACFVQWLLNGG
seq_pep11,4.71,-11.33,1.49,-11.83,HSQGTFTSDYSKYLDSRAAAKFVQWLLNGG
seq_pep12,435.0,-9.36,13.5,-10.87,HSQGTFTSDYSKYLDSRCAAAFVQWLLNGG
seq_pep13,29.3,-10.53,9.49,-11.02,HSQGTFTSDYSKYLDSRKAAAFVQWLLNGG
seq_pep14,28000.0,-7.55,28000.0,-7.55,YAEGTFISDYSIAEDKIHQQDFVNWLLAQK
seq_pep15,24700.0,-7.61,24700.0,-7.61,YAEGTFISDYSIAKDKIHQQDFVNWLLAQK
seq_pep16,28200.0,-7.55,28200.0,-7.55,YAEGTFISDYSIARDKIHQQDFVNWLLAQK
seq_pep17,25300.0,-7.6,25300.0,-7.6,YAEGTFISDYSIAFDKIHQQDFVNWLLAQK
seq_pep18,29900.0,-7.52,29900.0,-7.52,YAEGTFISDYSIAADKIHQQDFVNWLLAQK
seq_pep19,23500.0,-7.63,23500.0,-7.63,YAEGTFISDYSIEMDKIHQQDFVNWLLAQK
seq_pep20,25100.0,-7.6,25100.0,-7.6,YAEGTFISDYSIKMDKIHQQDFVNWLLAQK
seq_pep21,25800.0,-7.59,25800.0,-7.59,YAEGTFISDYSIRMDKIHQQDFVNWLLAQK
seq_pep22,1630.0,-8.79,24000.0,-7.62,YAEGTFISDYSIFMDKIHQQDFVNWLLAQK
seq_pep23,26800.0,-7.57,26800.0,-7.57,YAEGTFISDYSISMDKIHQQDFVNWLLAQK
seq_pep24,15300.0,-7.82,4.91,-11.31,YSEGTFTSDYSKLKEEEANRLFIEWLLAGG
seq_pep25,7870.0,-8.1,7.55,-11.12,YSEGTFTSDLSILKEKEANREFVNWLLAGG
seq_pep26,608.0,-9.22,1.03,-11.99,YSEGTFTSDYSKLLEEEAVRDFIEWLLAGG
seq_pep27,2040.0,-8.69,1.93,-11.71,YSEGTFTSDYSKLLERQAIDEFVNWLLKGG
seq_pep28,26400.0,-7.58,8.72,-11.06,HAEGTFTSDVSSYLEGQAAKEFIAWLVKGR
seq_pep29,21200.0,-7.67,206.0,-9.69,YSEGTFTSDYSIYLDKEAAAAFVQWLVAGG
seq_pep30,20800.0,-7.68,61.9,-10.21,YAEGTFTSDYSEYLDKQAAQEFVNWLLAGG
seq_pep31,24200.0,-7.62,332.0,-9.48,YAEGTFTSDYSIYLDKQAAQEFVNWLEAGG
seq_pep32,14500.0,-7.84,145.0,-9.84,YAEGTFTSDYSIYLDKQAEREFVNWLLAGG
seq_pep33,21100.0,-7.68,253.0,-9.6,YAEGTFTSDYSIYLDKQAREEFVNWLLAGG
seq_pep34,2830.0,-8.55,12.2,-10.91,YAEGTFTSDYSIYLDRQAAQEFVNWLLAGG
seq_pep35,22300.0,-7.65,27.9,-10.55,YAEGTFTSDYSIYLDEQAAQEFVNWLLAGG
seq_pep36,19600.0,-7.71,17.6,-10.75,YAEGTFTSDYSIYLDEIAAQEFVNWLLAGG
seq_pep37,20100.0,-7.7,98.7,-10.01,YAEGTFTSDYSIYLDIEAAQEFVNWLLAGG
seq_pep38,2720.0,-8.57,6.62,-11.18,YAEGTFTSDYSIYLDIKAAQEFVNWLLAGG
seq_pep39,19700.0,-7.71,913.0,-9.04,YAEGTFTSDYSIYEDKQAAQEFVNWLLAGG
seq_pep40,21200.0,-7.67,88.1,-10.05,YAEGTFTSDYSIYRDKQAAQEFVNWLLAGG
seq_pep41,12500.0,-7.9,234.0,-9.63,YAEGTFTSDYSITLDKQAAQEFVNWLLAGG
seq_pep42,6850.0,-8.16,8.3,-11.08,YAEGTFTSDYSIYLDKQAAEAFVNWLLAGG
seq_pep43,738.0,-9.13,2.9,-11.54,YAEGTFTSDYSIYLDKQAAYEFVNWLLAGG
seq_pep44,20900.0,-7.68,7.34,-11.13,YAEGTFTSDYSIYLDKEAAAAFVQWLVAGG
seq_pep45,21200.0,-7.67,6000.0,-8.22,YAEGTFISDYSIAMDKIHQQDFVNWLLAGG
seq_pep46,337.0,-9.47,414.0,-9.38,AHSQGTFTSDYSKYLDSRAAAAFVQWLMNT
seq_pep47,1440.0,-8.84,51.8,-10.29,AHSQGTFTSDYSKYLDSRAAAAFVQWLVAG
seq_pep48,35700.0,-7.45,775.0,-9.11,HGEGTFTSDLSKQMEEECARLFIEWLKNGG
seq_pep49,26600.0,-7.58,26600.0,-7.58,HGDGSFSDEMNTILDNQAARDFINWLIQTK
seq_pep50,22400.0,-7.65,6510.0,-8.19,HGDGSFSDEMNTILDGQAARDFINWLIQTK
seq_pep51,27900.0,-7.55,18.3,-10.74,HAEGTFTDDVSSYLEGQAAKEFIAWLVKGR
seq_pep52,29200.0,-7.53,5.98,-11.22,HAEGTFTADVSSYLEGQAAKEFIAWLVKGR
seq_pep53,27700.0,-7.56,1100.0,-8.96,HAEGTFTKDVSSYLEGQAAKEFIAWLVKGR
seq_pep54,28500.0,-7.55,45.5,-10.34,HAEGTFTTDVSSYLEGQAAKEFIAWLVKGR
seq_pep55,27100.0,-7.57,40.7,-10.39,HAEGTFTSDVLSYLEGQAAKEFIAWLVKGR
seq_pep56,27200.0,-7.57,2.32,-11.63,HAEGTFTSDVSAYLEGQAAKEFIAWLVKGR
seq_pep57,97.2,-10.01,71.3,-10.15,HAEGTFTSDVDSYLEGQAAKEFIAWLVKGR
seq_pep58,26900.0,-7.57,1.76,-11.75,HAEGTFTSDVASYLEGQAAKEFIAWLVKGR
seq_pep59,18200.0,-7.74,18200.0,-7.74,YAPGTFISDYSIAMDKIHQQDFVNWLLAQK
seq_pep60,0.83,-12.08,3.19,-11.5,HSQGTFTSDYSKYLDSRRASEFVQWLISG-
seq_pep61,1.59,-11.8,6.85,-11.16,HSQGTFTSDYSKYLDSRRASEFVQWLIAE-
seq_pep62,1.85,-11.73,6.9,-11.16,HSQGTFTSDYSKYLDSRRASEFVQWLISE-
seq_pep63,85.1,-10.07,5.51,-11.26,HSQGTFTSDYSKYLDRAAASDFVQWLVAGG
seq_pep64,114.0,-9.94,2.85,-11.55,HSQGTFTSDYSKYLDSRSARDFVQWLVAGG
seq_pep65,204.0,-9.69,3.17,-11.5,HSQGTFTSDYSKYLDSRSASDFVQWLVAGG
seq_pep66,395.0,-9.4,3.89,-11.41,HSQGTFTSDYSKYLDEAAASDFVQWLVAGG
seq_pep67,481.0,-9.32,5.0,-11.3,HSQGTFTSDYSKYLDSEAASDFVQWLVAGG
seq_pep68,1430.0,-8.84,19.5,-10.71,HSQGTFTSDYSKYLDSASASDFVQWLVAGG
seq_pep69,12.9,-10.89,3.69,-11.43,HSQGTFTSDYSKYLDSERARDFVQWLVAGG
seq_pep70,28200.0,-7.55,1320.0,-8.88,HAEGTFTSDVSSYLEGQAAKFI-AWLVKGR
seq_pep71,35600.0,-7.45,1900.0,-8.72,HAEGTFTSDVSSYLE-GAAKEFIAWLVKGR
seq_pep72,11000.0,-7.96,11000.0,-7.96,HAEGTFTSDVSSYLEG--QAEFIAWLVKGR
seq_pep73,16700.0,-7.78,543.0,-9.27,HAEGTFTSDVSSYLEGQ-AKEFIAWLVKGR
seq_pep74,35400.0,-7.45,300.0,-9.52,HAEGTFTSDVSSYLEGQ-AAEFIAWLVKGR
seq_pep75,6600.0,-8.18,2060.0,-8.69,HAEGTFTSDVSSYLE--AAKEFIAWLVKGR
seq_pep76,1630.0,-8.79,328.0,-9.48,HAEGTFTSDVSSYLE---AAEFIAWLVKGR
seq_pep77,32600.0,-7.49,1050.0,-8.98,HAEGTFTSDVSSYLE----AEFIAWLVKGR
seq_pep78,27700.0,-7.56,2750.0,-8.56,HRQGTFTSDYSKYLDSERARDFVQWLVAGG
seq_pep79,68.1,-10.17,2.91,-11.54,HSIGTFTSDYSKYLDSERARDFVQWLVAGG
seq_pep80,101.0,-10.0,4.27,-11.37,HSMGTFTSDYSKYLDSERARDFVQWLVAGG
seq_pep81,700.0,-9.15,4.18,-11.38,HSQGTFTSDYSEYLDSERARDFVQWLVAGG
seq_pep82,57.1,-10.24,3.71,-11.43,HSQGTFTSDYSKYLESERARDFVQWLVAGG
seq_pep83,3.59,-11.44,3.88,-11.41,HSQGTFTSDYSKYLDSERAREFVQWLVAGG
seq_pep84,6.07,-11.22,3.26,-11.49,HSQGTFTSDYSKYLDSERARDFVEWLVAGG
seq_pep85,5.93,-11.23,2.8,-11.55,HSQGTFTSDYSKYLDSERARDFVAWLVAGG
seq_pep86,2.86,-11.54,9.01,-11.05,HSQGTFTSDYSKYLDSERARDFVQWLISE-
seq_pep87,14.1,-10.85,10.5,-10.98,HSQGTFTSDYSKYLDSERARDFVQWLISEG
seq_pep88,874.0,-9.06,23.2,-10.63,HSQGTFTSEYSKYLDSERARDFVQWLVAGG
seq_pep89,2.6,-11.59,9.4,-11.03,HSQGTFTSDYSKYLDSERASEFVQWLISE-
seq_pep90,0.92,-12.03,6.42,-11.19,HSQGTFTSDYSKYLDSIRASEFVQWLISE-
seq_pep91,21.0,-10.68,7.16,-11.15,HSQGTFTSDYSEYLDSRRASEFVQWLISE-
seq_pep92,0.83,-12.08,4.47,-11.35,HSQGTFTSDYSRYLDSRRASEFVQWLISE-
seq_pep93,2.11,-11.68,1.57,-11.8,HSQGTFTSDYSKYLDSRAASEFVQWLISE-
seq_pep94,2.77,-11.56,6.28,-11.2,HSIGTFTSDYSKYLDSRRASEFVQWLISE-
seq_pep95,210.0,-9.68,17600.0,-7.75,-HQGTFTSDYSKYLDSRRASEFVQWLISE-
seq_pep96,25500.0,-7.59,906.0,-9.04,-HEGTFTSDVSSYLEGQAAKEFIAWLVKGR
seq_pep97,26500.0,-7.58,1680.0,-8.77,HA-GTFTSDVSSYLEGQAAKEFIAWLVKGR
seq_pep98,33400.0,-7.48,33400.0,-7.48,HAET-FTSDVSSYLEGQAAKEFIAWLVKGR
seq_pep99,7640.0,-8.12,6280.0,-8.2,HAEG-FTSDVSSYLEGQAAKEFIAWLVKGR
seq_pep100,29000.0,-7.54,29000.0,-7.54,HAEGTTS-DVSSYLEGQAAKEFIAWLVKGR
seq_pep101,14000.0,-7.85,5400.0,-8.27,HAEGTFS-DVSSYLEGQAAKEFIAWLVKGR
seq_pep102,27900.0,-7.55,27900.0,-7.55,HAEGTFT-DVSSYLEGQAAKEFIAWLVKGR
seq_pep103,32800.0,-7.48,32800.0,-7.48,HAEGTFT-SVSSYLEGQAAKEFIAWLVKGR
seq_pep104,29700.0,-7.53,5420.0,-8.27,HAEGTFT-SDSSYLEGQAAKEFIAWLVKGR
seq_pep105,23800.0,-7.62,1320.0,-8.88,HAEGTFTSDV-SYLEGQAAKEFIAWLVKGR
seq_pep106,35500.0,-7.45,9920.0,-8.0,HAEGTFTSDVSSL-EGQAAKEFIAWLVKGR
seq_pep107,36700.0,-7.44,6020.0,-8.22,HAEGTFTSDVSSY-EGQAAKEFIAWLVKGR
seq_pep108,29100.0,-7.54,2010.0,-8.7,HAEGTFTSDVSSYL-GQAAKEFIAWLVKGR
seq_pep109,24700.0,-7.61,2590.0,-8.59,HAEGTFTSDVSSYLE-QAAKEFIAWLVKGR
seq_pep110,29200.0,-7.53,8920.0,-8.05,HAEGTFTSDVSSYLEGQAAKEI-AWLVKGR
seq_pep111,18500.0,-7.73,6380.0,-8.2,HAEGTFTSDVSSYLEGQAAKEF-AWLVKGR
seq_pep112,25200.0,-7.6,315.0,-9.5,HAEGTFTSDVSSYLEGQAAKEF-IWLVKGR
seq_pep113,12200.0,-7.91,196.0,-9.71,HAEGTFTSDVSSYLEGQAAKEF-IALVKGR
seq_pep114,22100.0,-7.66,6.84,-11.16,HAEGTFTSDVSSYLEGQAAKEFIAWV-KGR
seq_pep115,25000.0,-7.6,2.12,-11.67,HAEGTFTSDVSSYLEGQAAKEFIAWL-KGR
seq_pep116,10200.0,-7.99,9.53,-11.02,HAEGTFTSDVSSYLEGQAAKEFIAWLVGR-
seq_pep117,9280.0,-8.03,0.96,-12.02,HAEGTFTSDVSSYLEGQAAKEFIAWLVKR-
seq_pep118,51.6,-10.29,2.61,-11.58,HSQGTFTSDYSKYLEEEAVRLFICWLMNT-
seq_pep119,28700.0,-7.54,28700.0,-7.54,TNMLWQVFDQARRSDLYKSYDSTFTGQSH-
seq_pep120,26200.0,-7.58,629.0,-9.2,RGKVLWAIFEKAAQGELYSSVDSTFTGEAH
seq_pep121,29000.0,-7.54,9.62,-11.02,HGEGTFTSDVSSYMERQSVDEFIAWLLKGR
seq_pep122,29400.0,-7.53,7.94,-11.1,HGEGTFTSDVSSYMESQLVDEFIAWLLKGR
seq_pep123,29500.0,-7.53,29500.0,-7.53,HGEGTFTSDVSSYMEPQSTDEFIAWLLKGR
seq_pep124,29200.0,-7.53,598.0,-9.22,HGEGTFTSDVSSYMDFQSLVEFLAWLLKGR
seq_pep125,1110.0,-8.95,30200.0,-7.52,HGEGTFTSDLSKQMDFESLVLFLEWLDNG-
